{
    "model_type": "RandomForest",
    "metrics": {
        "accuracy": 0.9999482086672795,
        "precision": 1.0,
        "recall": 0.9993701779247363,
        "f1": 0.9996849897621672
    }
}